{
    "mode": "Train",
    "trackName": "Track_1017",
    "episodeIndex": 47,
    "reward": -4.228026866912842,
    "distance": 1.9588043689727784,
    "time": 10.008393287658692,
    "crashed": false,
    "finished": false,
    "seed": 0
}