{
    "mode": "Train",
    "trackName": "Track_1018",
    "episodeIndex": 13,
    "reward": -5.036456108093262,
    "distance": 0.023543953895568849,
    "time": 0.08248279988765717,
    "crashed": true,
    "finished": false,
    "seed": 0
}