{
    "mode": "Train",
    "trackName": "Track_1017",
    "episodeIndex": 55,
    "reward": -1.4022365808486939,
    "distance": 3.82456636428833,
    "time": 10.002888679504395,
    "crashed": false,
    "finished": false,
    "seed": 0
}