{
    "mode": "Train",
    "trackName": "Track_1023",
    "episodeIndex": 29,
    "reward": -4.248026371002197,
    "distance": 1.958803653717041,
    "time": 10.00706672668457,
    "crashed": false,
    "finished": false,
    "seed": 0
}