{
    "mode": "Train",
    "trackName": "Track_1022",
    "episodeIndex": 21,
    "reward": -4.228025913238525,
    "distance": 1.9588042497634888,
    "time": 10.00487995147705,
    "crashed": false,
    "finished": false,
    "seed": 0
}