{
    "mode": "Train",
    "trackName": "Track_1020",
    "episodeIndex": 25,
    "reward": -24.2283935546875,
    "distance": 1.9588040113449097,
    "time": 30.001083374023439,
    "crashed": false,
    "finished": false,
    "seed": 0
}