{
    "mode": "Train",
    "trackName": "Track_1020",
    "episodeIndex": 3,
    "reward": -4.248025894165039,
    "distance": 1.9588042497634888,
    "time": 10.004936218261719,
    "crashed": false,
    "finished": false,
    "seed": 0
}