{
    "mode": "Train",
    "trackName": "Track_1017",
    "episodeIndex": 73,
    "reward": -4.228026866912842,
    "distance": 1.9588043689727784,
    "time": 10.00147819519043,
    "crashed": false,
    "finished": false,
    "seed": 0
}