{
    "mode": "Train",
    "trackName": "Track_1021",
    "episodeIndex": 22,
    "reward": -1.1910854578018189,
    "distance": 4.134629726409912,
    "time": 10.008501052856446,
    "crashed": false,
    "finished": false,
    "seed": 0
}