{
    "mode": "Train",
    "trackName": "Track_1017",
    "episodeIndex": 56,
    "reward": 23.574419021606447,
    "distance": 12.193358421325684,
    "time": 10.143117904663086,
    "crashed": false,
    "finished": false,
    "seed": 0
}