{
    "mode": "Train",
    "trackName": "Track_1017",
    "episodeIndex": 1,
    "reward": 5.003974914550781,
    "distance": 11.04397201538086,
    "time": 8.237800598144532,
    "crashed": true,
    "finished": false,
    "seed": 0
}