{
    "mode": "Train",
    "trackName": "Track_1023",
    "episodeIndex": 10,
    "reward": 0.8186811208724976,
    "distance": 4.745161056518555,
    "time": 10.004049301147461,
    "crashed": false,
    "finished": false,
    "seed": 0
}