{
    "mode": "Train",
    "trackName": "Track_1020",
    "episodeIndex": 1,
    "reward": -4.228025913238525,
    "distance": 1.9588042497634888,
    "time": 10.007290840148926,
    "crashed": false,
    "finished": false,
    "seed": 0
}