{
    "mode": "Train",
    "trackName": "Track_1018",
    "episodeIndex": 2,
    "reward": 19.727336883544923,
    "distance": 11.144574165344239,
    "time": 10.003913879394532,
    "crashed": false,
    "finished": false,
    "seed": 0
}