{
    "mode": "Train",
    "trackName": "Track_1018",
    "episodeIndex": 33,
    "reward": 15.831830978393555,
    "distance": 9.109872817993164,
    "time": 10.003212928771973,
    "crashed": false,
    "finished": false,
    "seed": 0
}