{
    "mode": "Train",
    "trackName": "Track_1019",
    "episodeIndex": 8,
    "reward": -4.248026371002197,
    "distance": 1.9588035345077515,
    "time": 10.006756782531739,
    "crashed": false,
    "finished": false,
    "seed": 0
}