{
    "mode": "Train",
    "trackName": "Track_1017",
    "episodeIndex": 1,
    "reward": -4.228025913238525,
    "distance": 1.9588042497634888,
    "time": 10.003332138061524,
    "crashed": false,
    "finished": false,
    "seed": 0
}