{
    "mode": "Train",
    "trackName": "Track_1021",
    "episodeIndex": 1,
    "reward": -4.228025913238525,
    "distance": 1.9588037729263306,
    "time": 10.001299858093262,
    "crashed": false,
    "finished": false,
    "seed": 0
}