{
    "mode": "Train",
    "trackName": "Track_1018",
    "episodeIndex": 6,
    "reward": -1.306948184967041,
    "distance": 4.277944564819336,
    "time": 4.53908634185791,
    "crashed": true,
    "finished": false,
    "seed": 0
}