{
    "mode": "Train",
    "trackName": "Track_1023",
    "episodeIndex": 6,
    "reward": -4.248026371002197,
    "distance": 1.958803653717041,
    "time": 10.003724098205567,
    "crashed": false,
    "finished": false,
    "seed": 0
}