{
    "mode": "Train",
    "trackName": "Track_1020",
    "episodeIndex": 29,
    "reward": -29.12753677368164,
    "distance": 0.532940149307251,
    "time": 30.00065803527832,
    "crashed": false,
    "finished": false,
    "seed": 0
}