{
    "mode": "Train",
    "trackName": "Track_1022",
    "episodeIndex": 27,
    "reward": 77.79061889648438,
    "distance": 27.197509765625,
    "time": 10.003593444824219,
    "crashed": false,
    "finished": false,
    "seed": 0
}