{
    "mode": "Train",
    "trackName": "Track_1018",
    "episodeIndex": 36,
    "reward": -2.9236443042755129,
    "distance": 3.1231658458709719,
    "time": 10.00439739227295,
    "crashed": false,
    "finished": false,
    "seed": 0
}