{
    "mode": "Train",
    "trackName": "Track_1018",
    "episodeIndex": 13,
    "reward": 15.32506275177002,
    "distance": 8.924969673156739,
    "time": 10.001555442810059,
    "crashed": false,
    "finished": false,
    "seed": 0
}