{
    "mode": "Train",
    "trackName": "Track_1017",
    "episodeIndex": 88,
    "reward": -4.2480268478393559,
    "distance": 1.9588043689727784,
    "time": 10.008720397949219,
    "crashed": false,
    "finished": false,
    "seed": 0
}