{
    "mode": "Train",
    "trackName": "Track_1037",
    "episodeIndex": 51,
    "reward": -29.147537231445314,
    "distance": 0.5329402685165405,
    "time": 30.004974365234376,
    "crashed": false,
    "finished": false,
    "seed": 0
}