{
    "mode": "Train",
    "trackName": "Track_1017",
    "episodeIndex": 3,
    "reward": 3.0687713623046877,
    "distance": 5.868284702301025,
    "time": 3.2358157634735109,
    "crashed": true,
    "finished": false,
    "seed": 0
}