{
    "mode": "Train",
    "trackName": "Track_1020",
    "episodeIndex": 54,
    "reward": 5.576272964477539,
    "distance": 4.766668319702148,
    "time": 1.819351315498352,
    "crashed": true,
    "finished": false,
    "seed": 0
}