{
    "mode": "Train",
    "trackName": "Track_1017",
    "episodeIndex": 91,
    "reward": 22.403404235839845,
    "distance": 11.716453552246094,
    "time": 10.003790855407715,
    "crashed": false,
    "finished": false,
    "seed": 0
}