{
    "mode": "Train",
    "trackName": "Track_1019",
    "episodeIndex": 41,
    "reward": -1.133973240852356,
    "distance": 3.9923717975616457,
    "time": 10.003605842590332,
    "crashed": false,
    "finished": false,
    "seed": 0
}