{
    "mode": "Train",
    "trackName": "Track_1019",
    "episodeIndex": 86,
    "reward": 2.232614755630493,
    "distance": 5.75945520401001,
    "time": 10.004433631896973,
    "crashed": false,
    "finished": false,
    "seed": 0
}