{
    "mode": "Train",
    "trackName": "Track_1022",
    "episodeIndex": 27,
    "reward": 8.552362442016602,
    "distance": 5.610612392425537,
    "time": 2.752438545227051,
    "crashed": true,
    "finished": false,
    "seed": 0
}