{
    "mode": "Train",
    "trackName": "Track_1022",
    "episodeIndex": 37,
    "reward": -29.127534866333009,
    "distance": 0.5329406261444092,
    "time": 30.007312774658204,
    "crashed": false,
    "finished": false,
    "seed": 0
}