{
    "mode": "Train",
    "trackName": "Track_1019",
    "episodeIndex": 66,
    "reward": 115.80548858642578,
    "distance": 47.546791076660159,
    "time": 10.000292778015137,
    "crashed": false,
    "finished": false,
    "seed": 0
}