{
    "mode": "Train",
    "trackName": "Track_1018",
    "episodeIndex": 1,
    "reward": -4.228026390075684,
    "distance": 1.9588040113449097,
    "time": 10.006160736083985,
    "crashed": false,
    "finished": false,
    "seed": 0
}