{
    "mode": "Train",
    "trackName": "Track_1044",
    "episodeIndex": 70,
    "reward": -4.589120388031006,
    "distance": 0.47087955474853518,
    "time": 0.29687368869781496,
    "crashed": true,
    "finished": false,
    "seed": 0
}