{
    "mode": "Train",
    "trackName": "Track_1023",
    "episodeIndex": 24,
    "reward": -0.45340704917907717,
    "distance": 3.9734315872192385,
    "time": 10.012582778930664,
    "crashed": false,
    "finished": false,
    "seed": 0
}