{
    "mode": "Train",
    "trackName": "Track_1020",
    "episodeIndex": 2,
    "reward": -4.248025417327881,
    "distance": 1.9588041305541993,
    "time": 10.004651069641114,
    "crashed": false,
    "finished": false,
    "seed": 0
}