{
    "mode": "Train",
    "trackName": "Track_1017",
    "episodeIndex": 7,
    "reward": 25.267786026000978,
    "distance": 12.17654037475586,
    "time": 10.000173568725586,
    "crashed": false,
    "finished": false,
    "seed": 0
}