{
    "mode": "Train",
    "trackName": "Track_1023",
    "episodeIndex": 9,
    "reward": -1.2601735591888428,
    "distance": 3.906409978866577,
    "time": 10.007540702819825,
    "crashed": false,
    "finished": false,
    "seed": 0
}