{
    "mode": "Train",
    "trackName": "Track_1019",
    "episodeIndex": 93,
    "reward": -4.228026390075684,
    "distance": 1.9588035345077515,
    "time": 10.01191234588623,
    "crashed": false,
    "finished": false,
    "seed": 0
}