{
    "mode": "Train",
    "trackName": "Track_1022",
    "episodeIndex": 25,
    "reward": 77.13053894042969,
    "distance": 27.072189331054689,
    "time": 10.004161834716797,
    "crashed": false,
    "finished": false,
    "seed": 0
}