{
    "mode": "Train",
    "trackName": "Track_1051",
    "episodeIndex": 22,
    "reward": -1.557513952255249,
    "distance": 3.045262575149536,
    "time": 2.618767738342285,
    "crashed": true,
    "finished": false,
    "seed": 0
}