{
    "mode": "Train",
    "trackName": "Track_1023",
    "episodeIndex": 54,
    "reward": -0.16480086743831635,
    "distance": 4.460914134979248,
    "time": 10.006071090698243,
    "crashed": false,
    "finished": false,
    "seed": 0
}