{
    "mode": "Train",
    "trackName": "Track_1019",
    "episodeIndex": 12,
    "reward": 53.506752014160159,
    "distance": 19.875850677490236,
    "time": 10.00281047821045,
    "crashed": false,
    "finished": false,
    "seed": 0
}