{
    "mode": "Train",
    "trackName": "Track_1020",
    "episodeIndex": 19,
    "reward": 7.26995849609375,
    "distance": 5.805726528167725,
    "time": 10.000036239624024,
    "crashed": false,
    "finished": false,
    "seed": 0
}