{
    "mode": "Train",
    "trackName": "Track_1017",
    "episodeIndex": 46,
    "reward": -4.2480268478393559,
    "distance": 1.9588043689727784,
    "time": 10.007789611816407,
    "crashed": false,
    "finished": false,
    "seed": 0
}