{
    "mode": "Train",
    "trackName": "Track_1019",
    "episodeIndex": 55,
    "reward": 49.11607360839844,
    "distance": 19.61809730529785,
    "time": 10.010056495666504,
    "crashed": false,
    "finished": false,
    "seed": 0
}