{
    "mode": "Train",
    "trackName": "Track_1018",
    "episodeIndex": 85,
    "reward": -4.248026371002197,
    "distance": 1.9588040113449097,
    "time": 10.008173942565918,
    "crashed": false,
    "finished": false,
    "seed": 0
}