{
    "mode": "Train",
    "trackName": "Track_1037",
    "episodeIndex": 53,
    "reward": -29.12753677368164,
    "distance": 0.5329403877258301,
    "time": 30.000980377197267,
    "crashed": false,
    "finished": false,
    "seed": 0
}