{
    "mode": "Train",
    "trackName": "Track_1019",
    "episodeIndex": 61,
    "reward": 131.3350830078125,
    "distance": 47.37485885620117,
    "time": 10.00063705444336,
    "crashed": false,
    "finished": false,
    "seed": 0
}