{
    "mode": "Train",
    "trackName": "Track_1036",
    "episodeIndex": 45,
    "reward": -24.2283935546875,
    "distance": 1.9588043689727784,
    "time": 30.003480911254884,
    "crashed": false,
    "finished": false,
    "seed": 0
}