{
    "mode": "Train",
    "trackName": "Track_1019",
    "episodeIndex": 0,
    "reward": -4.233551979064941,
    "distance": 1.9584112167358399,
    "time": 10.010812759399414,
    "crashed": false,
    "finished": false,
    "seed": 0
}