{
    "mode": "Train",
    "trackName": "Track_1021",
    "episodeIndex": 10,
    "reward": -4.228025913238525,
    "distance": 1.9588035345077515,
    "time": 10.002785682678223,
    "crashed": false,
    "finished": false,
    "seed": 0
}