{
    "mode": "Train",
    "trackName": "Track_1023",
    "episodeIndex": 34,
    "reward": 102.62738037109375,
    "distance": 44.979835510253909,
    "time": 10.0027437210083,
    "crashed": false,
    "finished": false,
    "seed": 0
}