{
    "mode": "Train",
    "trackName": "Track_1018",
    "episodeIndex": 33,
    "reward": -3.4663352966308595,
    "distance": 2.580505132675171,
    "time": 10.002279281616211,
    "crashed": false,
    "finished": false,
    "seed": 0
}