{
    "mode": "Train",
    "trackName": "Track_1019",
    "episodeIndex": 20,
    "reward": -24.248390197753908,
    "distance": 1.9588043689727784,
    "time": 30.003293991088868,
    "crashed": false,
    "finished": false,
    "seed": 0
}