{
    "mode": "Train",
    "trackName": "Track_1019",
    "episodeIndex": 0,
    "reward": -3.3736155033111574,
    "distance": 2.17781925201416,
    "time": 10.006568908691407,
    "crashed": false,
    "finished": false,
    "seed": 0
}