{
    "mode": "Train",
    "trackName": "Track_1021",
    "episodeIndex": 10,
    "reward": 96.7443618774414,
    "distance": 39.403987884521487,
    "time": 10.004695892333985,
    "crashed": false,
    "finished": false,
    "seed": 0
}