{
    "mode": "Train",
    "trackName": "Track_1017",
    "episodeIndex": 42,
    "reward": -0.9341714382171631,
    "distance": 3.9526450634002687,
    "time": 10.006258964538575,
    "crashed": false,
    "finished": false,
    "seed": 0
}