{
    "mode": "Train",
    "trackName": "Track_1019",
    "episodeIndex": 24,
    "reward": -29.127527236938478,
    "distance": 0.5329403281211853,
    "time": 30.004249572753908,
    "crashed": false,
    "finished": false,
    "seed": 0
}