{
    "mode": "Train",
    "trackName": "Track_1018",
    "episodeIndex": 17,
    "reward": -2183.365234375,
    "distance": 4411.5244140625,
    "time": 30.00457763671875,
    "crashed": false,
    "finished": false,
    "seed": 0
}