{
    "mode": "Train",
    "trackName": "Track_1017",
    "episodeIndex": 45,
    "reward": 24.098865509033204,
    "distance": 12.65532112121582,
    "time": 10.003713607788086,
    "crashed": false,
    "finished": false,
    "seed": 0
}