{
    "mode": "Train",
    "trackName": "Track_1038",
    "episodeIndex": 59,
    "reward": -29.127534866333009,
    "distance": 0.5329402089118958,
    "time": 30.00149917602539,
    "crashed": false,
    "finished": false,
    "seed": 0
}