{
    "mode": "Train",
    "trackName": "Track_1018",
    "episodeIndex": 40,
    "reward": -3.574404716491699,
    "distance": 2.3924307823181154,
    "time": 10.007142066955567,
    "crashed": false,
    "finished": false,
    "seed": 0
}