{
    "mode": "Train",
    "trackName": "Track_1020",
    "episodeIndex": 80,
    "reward": -4.248025894165039,
    "distance": 1.9588038921356202,
    "time": 10.019216537475586,
    "crashed": false,
    "finished": false,
    "seed": 0
}