{
    "mode": "Train",
    "trackName": "Track_1019",
    "episodeIndex": 37,
    "reward": -1.2560505867004395,
    "distance": 2.861706256866455,
    "time": 2.0548486709594728,
    "crashed": true,
    "finished": false,
    "seed": 0
}