{
    "mode": "Train",
    "trackName": "Track_1019",
    "episodeIndex": 23,
    "reward": -29.12753677368164,
    "distance": 0.5329404473304749,
    "time": 30.000167846679689,
    "crashed": false,
    "finished": false,
    "seed": 0
}