{
    "mode": "Train",
    "trackName": "Track_1020",
    "episodeIndex": 18,
    "reward": -2.482349395751953,
    "distance": 3.2644906044006349,
    "time": 10.004945755004883,
    "crashed": false,
    "finished": false,
    "seed": 0
}