{
    "mode": "Train",
    "trackName": "Track_1037",
    "episodeIndex": 52,
    "reward": -29.12753677368164,
    "distance": 0.5329402685165405,
    "time": 30.001083374023439,
    "crashed": false,
    "finished": false,
    "seed": 0
}