{
    "mode": "Train",
    "trackName": "Track_1018",
    "episodeIndex": 68,
    "reward": 0.08276862651109696,
    "distance": 4.589521408081055,
    "time": 10.001164436340332,
    "crashed": false,
    "finished": false,
    "seed": 0
}