{
    "mode": "Train",
    "trackName": "Track_1019",
    "episodeIndex": 35,
    "reward": 48.73825454711914,
    "distance": 46.6458854675293,
    "time": 10.001325607299805,
    "crashed": false,
    "finished": false,
    "seed": 0
}