{
    "mode": "Train",
    "trackName": "Track_1021",
    "episodeIndex": 8,
    "reward": 3.4595537185668947,
    "distance": 3.856297492980957,
    "time": 1.542394757270813,
    "crashed": true,
    "finished": false,
    "seed": 0
}