{
    "mode": "Train",
    "trackName": "Track_1017",
    "episodeIndex": 39,
    "reward": 25.13857078552246,
    "distance": 12.153968811035157,
    "time": 10.003265380859375,
    "crashed": false,
    "finished": false,
    "seed": 0
}