{
    "mode": "Train",
    "trackName": "Track_1023",
    "episodeIndex": 4,
    "reward": 6.531955718994141,
    "distance": 8.678178787231446,
    "time": 6.752440452575684,
    "crashed": true,
    "finished": false,
    "seed": 0
}