{
    "mode": "Train",
    "trackName": "Track_1021",
    "episodeIndex": 14,
    "reward": -2.8966031074523927,
    "distance": 3.110112428665161,
    "time": 10.001198768615723,
    "crashed": false,
    "finished": false,
    "seed": 0
}