{
    "mode": "Train",
    "trackName": "Track_1022",
    "episodeIndex": 0,
    "reward": -3.373615026473999,
    "distance": 2.1778197288513185,
    "time": 10.008928298950196,
    "crashed": false,
    "finished": false,
    "seed": 0
}