{
    "mode": "Train",
    "trackName": "Track_1019",
    "episodeIndex": 25,
    "reward": 53.6087760925293,
    "distance": 20.064910888671876,
    "time": 10.006551742553711,
    "crashed": false,
    "finished": false,
    "seed": 0
}