{
    "mode": "Train",
    "trackName": "Track_1019",
    "episodeIndex": 41,
    "reward": 52.852210998535159,
    "distance": 46.704498291015628,
    "time": 10.00153923034668,
    "crashed": false,
    "finished": false,
    "seed": 0
}