{
    "mode": "Train",
    "trackName": "Track_1019",
    "episodeIndex": 78,
    "reward": 39.17619705200195,
    "distance": 14.372941970825196,
    "time": 3.62015700340271,
    "crashed": true,
    "finished": false,
    "seed": 0
}