{
    "mode": "Train",
    "trackName": "Track_1023",
    "episodeIndex": 18,
    "reward": -4.228026390075684,
    "distance": 1.958803653717041,
    "time": 10.010506629943848,
    "crashed": false,
    "finished": false,
    "seed": 0
}