{
    "mode": "Train",
    "trackName": "Track_1020",
    "episodeIndex": 38,
    "reward": -2.1865384578704836,
    "distance": 3.3602981567382814,
    "time": 10.005526542663575,
    "crashed": false,
    "finished": false,
    "seed": 0
}