{
    "mode": "Train",
    "trackName": "Track_1019",
    "episodeIndex": 85,
    "reward": 86.24305725097656,
    "distance": 47.849159240722659,
    "time": 10.004276275634766,
    "crashed": false,
    "finished": false,
    "seed": 0
}