{
    "mode": "Train",
    "trackName": "Track_1022",
    "episodeIndex": 25,
    "reward": 82.19047546386719,
    "distance": 26.684932708740236,
    "time": 5.482359886169434,
    "crashed": true,
    "finished": false,
    "seed": 0
}