{
    "mode": "Train",
    "trackName": "Track_1022",
    "episodeIndex": 26,
    "reward": 269.8160095214844,
    "distance": 80.51821899414063,
    "time": 18.2420711517334,
    "crashed": true,
    "finished": false,
    "seed": 0
}