{
    "mode": "Train",
    "trackName": "Track_1021",
    "episodeIndex": 3,
    "reward": -0.14296293258666993,
    "distance": 5.9427595138549809,
    "time": 8.904221534729004,
    "crashed": true,
    "finished": false,
    "seed": 0
}