{
    "mode": "Train",
    "trackName": "Track_1023",
    "episodeIndex": 17,
    "reward": 97.4441909790039,
    "distance": 44.735713958740237,
    "time": 10.003809928894043,
    "crashed": false,
    "finished": false,
    "seed": 0
}